,Name,Emp_Id,Gender,Address,City,Country,Job,Email,Date_of_Birth,Join_Date,Salary
0,Tracy Keith,644,Female,"706 Robert Flats
Port Ryan, SC 13997",Lopezshire,Pitcairn Islands,"Radiographer, therapeutic",thomas01@example.org,1992-06-17,2024-12-07,8691
1,Christopher Miller,277,Male,"23004 Brown Loaf
Abigailview, WY 23816",Davidmouth,Saint Helena,"Engineer, automotive",johnnorris@example.org,1957-07-06,2024-12-07,8436
2,Susan Yates,491,Female,"USS King
FPO AP 73072",Raychester,Slovakia (Slovak Republic),Social worker,garciadebbie@example.com,1939-10-05,2024-12-29,2102
3,David Barron,463,Male,"83516 Wolf Streets
Connieshire, MO 26192",East Anthony,Turkmenistan,Public affairs consultant,crosslisa@example.org,1991-02-01,2024-12-09,6559
4,Jessica Thompson,884,Female,"238 Butler Gateway Suite 859
Kimberlyville, WI 12941",Annaburgh,Gabon,Materials engineer,pamela17@example.org,1945-03-31,2024-12-14,5217
5,Kevin Pierce,446,Male,"05414 Margaret Street
North Jayborough, ID 69597",Vanessamouth,Reunion,Call centre manager,rebecca76@example.org,2023-02-07,2024-12-23,5507
6,Emily Kennedy DDS,488,Female,"229 Price Crest
Walshside, IA 49704",Port Sarah,Saint Vincent and the Grenadines,Media planner,vsanders@example.org,1989-01-11,2024-12-09,5964
7,Robert Jenkins,506,Male,"637 Andrew Stream
Caseychester, TX 43876",South Jason,Latvia,Pharmacologist,sanchezregina@example.net,1976-06-09,2024-12-28,5975
8,Johnny Jackson,802,Male,"2752 Torres Place
Hendersonton, WI 68945",North Stephen,Libyan Arab Jamahiriya,Medical illustrator,swilliams@example.org,2024-07-09,2024-12-07,6232
9,Jared Pope,920,Male,"62866 Sarah Lights
Smithburgh, MA 67818",Lauraborough,Angola,Nature conservation officer,angelaelliott@example.com,1942-07-05,2024-12-06,9302
10,Lisa Tucker,420,Female,"869 Natasha Lake Apt. 111
Lake Kellyside, DC 90043",New Davidmouth,Azerbaijan,Materials engineer,lisa38@example.net,1917-05-20,2024-12-04,7389
11,Daniel Lewis,334,Male,"776 Reyes Ville
Robinsonmouth, ND 77317",Barnesborough,France,Paediatric nurse,andrewmerritt@example.com,1932-09-28,2024-12-11,9810
12,Jill Haas,275,Female,"USNS Simmons
FPO AP 70846",Port Lesliebury,Anguilla,Technical sales engineer,xguerra@example.net,1911-11-03,2024-12-17,2715
13,Matthew Garcia,859,Male,"06223 Samantha Station
Woodburgh, RI 63076",Nelsontown,Serbia,Music tutor,ismall@example.com,1960-11-25,2024-12-13,1232
14,Kayla Orr,660,Female,"991 Susan Circle Suite 890
South Courtneyshire, MO 87487",Powerstown,Wallis and Futuna,Media buyer,stephensutton@example.com,1973-04-11,2024-12-17,5936
15,Katherine Taylor,761,Female,"07434 Lindsay Lane
Nathanmouth, AK 57138",Martinezchester,Chad,Furniture designer,amanda86@example.net,2003-01-18,2024-12-20,9107
16,Maria Robinson,774,Female,"9420 Smith Extensions
Careyshire, NV 30814",Johnsonfort,Barbados,"Solicitor, Scotland",parkmatthew@example.net,1969-04-09,2024-12-28,1226
17,Brian White,283,Male,"3733 Rivera Junctions
North Brandon, PW 50780",Andersonfort,Tanzania,Commissioning editor,jenna04@example.com,1927-10-08,2024-12-25,3968
18,Steven Smith,816,Male,"110 Yu View
Port Alexmouth, CA 49128",Jennifertown,Croatia,"Producer, television/film/video",rlloyd@example.org,1915-02-28,2024-12-30,6087
19,Katherine Dickson,330,Female,"1128 Davis Canyon
Harperburgh, DE 35590",Lake Williamtown,Guadeloupe,Phytotherapist,vlee@example.com,1914-10-11,2024-12-02,6186
20,Christine Simpson,205,Female,"4823 Ramos Estate Apt. 164
Webbfort, GA 34416",South Shirley,Pitcairn Islands,"Librarian, public",cohenbrent@example.org,1962-09-22,2024-12-13,5205
21,Sarah Townsend,702,Female,"68564 Justin Ridge Apt. 919
Reyesview, OH 09117",Michaelton,Burkina Faso,Forensic psychologist,gnguyen@example.net,1914-12-26,2024-12-05,7105
22,Bryan Aguilar,860,Male,"92101 Scott Path
South Paulburgh, CT 72309",West Gina,Kyrgyz Republic,"Scientist, research (maths)",thomas52@example.com,1961-05-28,2024-12-17,2833
23,Daniel Robertson,259,Male,"896 Velasquez Lodge
Danielfurt, ME 36111",North Juliamouth,Norway,Research scientist (physical sciences),laura37@example.com,2022-05-25,2024-12-25,8121
24,Joy Mendoza,223,Female,"8206 Phillips Mill Suite 933
New Brenda, PA 38632",Philipborough,Philippines,"Psychologist, sport and exercise",christopher73@example.org,1920-01-08,2024-12-12,4218
25,Sharon Jensen,784,Female,"896 Derek Knoll
East Catherine, MD 36057",North Bradley,Croatia,Museum/gallery exhibitions officer,patrick72@example.net,1938-02-19,2024-12-28,1302
26,Christie Rodriguez,214,Female,"108 Andrea Pine
Lake Allisonmouth, DE 27215",Dunnchester,Philippines,Metallurgist,kimchristopher@example.org,1957-06-20,2024-12-12,7998
27,Mary Thomas,808,Female,"8992 Johnson Crossroad
Wrightchester, FM 05414",West Camerontown,Lebanon,Dispensing optician,travis16@example.org,1978-10-18,2024-12-16,5896
28,Theresa Richardson,287,Female,"504 Ann Passage Apt. 706
New Williamberg, MO 39249",North Robertshire,Nigeria,Tour manager,gracegraham@example.com,1960-04-01,2024-12-28,7626
29,Kyle Blanchard,956,Male,"771 Hernandez Extensions Apt. 890
North Matthewville, AS 76361",South Megan,Cyprus,Ergonomist,dhopkins@example.com,1981-07-09,2024-12-06,9001
